Feature,Importance
Age,0.23648459333985672
EstimatedSalary,0.14701619616062991
CreditScore,0.14275579440276337
Balance,0.14175643323102216
NumOfProducts,0.13041037690158486
Tenure,0.08181734494449011
IsActiveMember,0.039933229915031475
Geography_Germany,0.028922502116804454
HasCrCard,0.018798873490003188
Gender_Male,0.018483082151559582
Geography_Spain,0.013621573346254015
